Name,G,PA,AB,R,H,2B,3B,HR,RBI,SB,CS,BB,SO,BA,OBP,SLG,OPS,OPS+,TB,GDP,HBP,SH,SF,IBB,HR/162
Marcus Semien\semiema01,162,747,657,123,187,43,7,33,92,10,8,87,102,0.285,0.369,0.522,0.892,138,343,11,2,0,1,2,33
Whit Merrifield\merriwh01,162,735,681,105,206,41,10,16,74,20,10,45,126,0.302,0.348,0.463,0.811,112,315,8,5,0,4,5,16
Ronald Acuna Jr.\acunaro01,156,715,626,127,175,22,2,41,101,37,9,76,188,0.28,0.365,0.518,0.883,122,324,8,9,0,1,4,39.48148148
Jonathan Villar#\villajo01,162,714,642,111,176,33,5,24,73,40,9,61,176,0.274,0.339,0.453,0.792,109,291,8,4,2,4,0,24
Mookie Betts\bettsmo01,150,706,597,135,176,40,5,29,80,16,3,97,101,0.295,0.391,0.524,0.915,135,313,11,3,0,9,6,26.85185185
Rhys Hoskins\hoskirh01,160,705,570,86,129,33,5,29,85,2,2,116,173,0.226,0.364,0.454,0.819,110,259,10,11,0,6,6,28.64197531
Jorge Polanco#\polanjo01,153,704,631,107,186,40,7,22,79,4,3,60,116,0.295,0.356,0.485,0.841,120,306,11,4,2,7,2,20.77777778
Rafael Devers*\deverra01,156,702,647,129,201,54,4,32,115,8,8,48,119,0.311,0.361,0.555,0.916,133,359,8,4,1,2,7,30.81481481
Ozzie Albies#\albieoz01,160,702,640,102,189,43,8,24,86,15,4,54,112,0.295,0.352,0.5,0.852,114,320,2,4,0,4,6,23.7037037
Eduardo Escobar#\escobed01,158,699,636,94,171,29,10,35,118,5,1,50,130,0.269,0.32,0.511,0.831,111,325,8,3,0,10,3,34.13580247
Xander Bogaerts\bogaexa01,155,698,614,110,190,52,0,33,117,4,2,76,122,0.309,0.384,0.555,0.939,140,341,11,2,0,6,2,31.57407407
Pete Alonso\alonspe01,161,693,597,103,155,30,2,53,120,1,0,72,183,0.26,0.358,0.583,0.941,148,348,13,21,0,3,6,52.67283951
José Abreu\abreujo02,159,693,634,85,180,38,1,33,123,2,2,36,152,0.284,0.33,0.503,0.834,119,319,24,13,0,10,4,32.38888889
Freddie Freeman*\freemfr01,158,692,597,113,176,34,2,38,121,6,3,87,127,0.295,0.389,0.549,0.938,136,328,17,6,0,2,11,37.0617284
Alex Bregman\bregmal01,156,690,554,122,164,37,2,41,112,5,1,119,83,0.296,0.423,0.592,1.015,162,328,9,9,0,8,2,39.48148148
Carlos Santana#\santaca01,158,686,573,110,161,30,1,34,93,4,0,108,108,0.281,0.397,0.515,0.911,136,295,13,3,0,2,12,33.16049383
Bryce Harper*\harpebr03,157,682,573,98,149,36,1,35,114,15,3,99,178,0.26,0.372,0.51,0.882,125,292,10,6,0,4,11,33.91975309
Paul Goldschmidt\goldspa01,161,682,597,97,155,25,1,34,97,3,1,78,166,0.26,0.346,0.476,0.821,113,284,11,2,0,3,2,33.79012346
Jorge Soler\solerjo01,162,679,589,95,156,33,1,48,117,3,1,73,178,0.265,0.354,0.569,0.922,138,335,16,10,0,4,3,48
Trey Mancini\mancitr01,154,679,602,106,175,38,2,35,97,1,0,63,143,0.291,0.364,0.535,0.899,135,322,22,9,0,5,3,33.27160494
Starlin Castro\castrst01,162,676,636,68,172,31,4,22,86,2,2,28,111,0.27,0.3,0.436,0.736,94,277,23,3,0,9,2,22
Matt Chapman\chapmma01,156,670,583,102,145,36,3,36,91,1,1,73,147,0.249,0.342,0.506,0.848,126,295,12,11,0,3,0,34.66666667
Eric Hosmer*\hosmeer01,160,667,619,72,164,29,2,22,99,0,3,40,163,0.265,0.31,0.425,0.735,93,263,12,3,0,5,3,21.72839506
Cesar Hernandez#\hernace02,161,667,612,77,171,31,3,14,71,9,2,45,100,0.279,0.333,0.408,0.741,91,250,9,6,0,4,4,13.91358025
Paul DeJong\dejonpa01,159,664,583,97,136,31,1,30,78,9,5,62,149,0.233,0.318,0.444,0.762,97,259,15,13,0,6,1,29.44444444
Nolan Arenado\arenano01,155,662,588,102,185,31,2,41,118,3,2,62,93,0.315,0.379,0.583,0.962,129,343,14,4,0,8,11,39.22839506
Eugenio Suarez\suareeu01,159,662,575,87,156,22,2,49,103,3,2,70,189,0.271,0.358,0.572,0.93,134,329,12,11,0,6,4,48.09259259
Cody Bellinger*\bellico01,156,661,558,121,170,34,3,47,115,15,5,95,108,0.305,0.406,0.629,1.035,169,351,10,3,0,4,21,45.25925926
Manny Machado\machama01,156,661,587,81,150,21,2,32,85,5,3,65,128,0.256,0.334,0.462,0.796,109,271,24,6,0,3,3,30.81481481
Shin-Soo Choo*\choosh01,151,660,563,93,149,31,2,24,61,15,1,78,165,0.265,0.371,0.455,0.826,109,256,6,18,0,1,3,22.37037037
Juan Soto*\sotoju01,150,659,542,110,153,32,5,34,110,12,1,108,132,0.282,0.401,0.548,0.949,138,297,11,3,0,6,3,31.48148148
Josh Donaldson\donaljo02,155,659,549,96,142,33,0,37,94,4,2,100,155,0.259,0.379,0.521,0.9,127,286,13,8,0,2,2,35.40123457
J.D. Martinez\martijd02,146,657,575,98,175,33,2,36,105,2,0,72,138,0.304,0.383,0.557,0.939,140,320,19,4,0,5,9,32.44444444
Trevor Story\storytr01,145,656,588,111,173,38,5,35,85,23,8,58,174,0.294,0.363,0.554,0.917,118,326,3,7,0,3,0,31.32716049
Adam Eaton*\eatonad02,151,656,566,103,158,25,7,15,49,15,3,65,106,0.279,0.365,0.428,0.792,101,242,8,13,9,3,0,13.98148148
DJ LeMahieu\lemahdj01,145,655,602,109,197,33,2,26,102,5,2,46,90,0.327,0.375,0.518,0.893,136,312,14,2,1,4,0,23.27160494
Amed Rosario\rosaram01,157,655,616,75,177,30,7,15,72,19,10,31,124,0.287,0.323,0.432,0.755,102,266,13,3,2,3,2,14.53703704
Francisco Lindor#\lindofr01,143,654,598,101,170,40,2,32,74,22,5,46,98,0.284,0.335,0.518,0.854,118,310,13,3,1,6,9,28.24691358
Tommy Pham\phamth01,145,654,567,77,155,33,2,21,68,25,4,81,123,0.273,0.369,0.45,0.818,119,255,22,5,0,1,4,18.7962963
David Fletcher\fletcda02,154,653,596,83,173,30,4,6,49,8,3,55,64,0.29,0.35,0.384,0.734,97,229,8,0,1,1,2,5.703703704
Michael Conforto*\confomi01,151,648,549,90,141,29,1,33,92,7,2,84,149,0.257,0.363,0.494,0.856,128,271,11,10,0,5,5,30.75925926
Elvis Andrus\andruel01,147,648,600,81,165,27,4,12,72,31,8,34,96,0.275,0.313,0.393,0.707,78,236,16,4,0,10,1,10.88888889
Anthony Rendon\rendoan01,146,646,545,117,174,44,3,34,126,5,1,80,86,0.319,0.412,0.598,1.01,153,326,13,12,0,9,8,30.64197531
Michael Brantley*\brantmi02,148,637,575,88,179,40,2,22,90,3,2,51,66,0.311,0.372,0.503,0.875,126,289,21,7,0,4,3,20.09876543
Charlie Blackmon*\blackch02,140,634,580,112,182,42,7,32,86,2,5,40,104,0.314,0.364,0.576,0.94,123,334,11,9,0,5,1,27.65432099
Kris Bryant\bryankr01,147,634,543,108,153,35,1,31,77,4,0,74,145,0.282,0.382,0.521,0.903,131,283,10,15,0,2,1,28.12962963
Alex Gordon*\gordoal01,150,633,556,77,148,31,1,13,76,5,3,51,100,0.266,0.345,0.396,0.741,96,220,13,19,1,6,4,12.03703704
Yasmani Grandal#\grandya01,153,632,513,79,126,26,2,28,77,5,1,109,139,0.246,0.38,0.468,0.848,119,240,16,5,0,5,2,26.44444444
Kole Calhoun*\calhoko01,152,632,552,92,128,29,1,33,74,4,1,70,162,0.232,0.325,0.467,0.792,108,258,14,7,0,2,7,30.96296296
Ketel Marte#\marteke01,144,628,569,97,187,36,9,32,92,10,2,53,86,0.329,0.389,0.592,0.981,149,337,7,4,0,2,2,28.44444444
Randal Grichuk\grichra01,151,628,586,75,136,29,5,31,80,2,1,35,163,0.232,0.28,0.457,0.738,93,268,20,5,0,2,0,28.89506173
Kevin Pillar\pillake01,156,628,595,82,157,37,3,21,87,14,5,18,86,0.264,0.293,0.442,0.735,93,263,15,9,0,6,4,20.22222222
Nick Ahmed\ahmedni01,158,625,556,79,141,33,6,19,82,8,2,52,113,0.254,0.316,0.437,0.753,93,243,15,4,1,12,2,18.5308642
Lorenzo Cain\cainlo01,148,623,562,75,146,30,0,11,48,18,8,50,106,0.26,0.325,0.372,0.697,81,209,14,6,0,4,0,10.04938272
Jean Segura\segurje01,144,618,576,79,161,37,4,12,60,10,2,30,73,0.28,0.323,0.42,0.743,90,242,11,8,1,3,1,10.66666667
Victor Robles\roblevi01,155,617,546,86,139,33,3,17,65,28,9,35,140,0.255,0.326,0.419,0.745,88,229,6,25,6,5,3,16.2654321
Brandon Belt*\beltbr01,156,616,526,76,123,32,3,17,57,4,3,83,127,0.234,0.339,0.403,0.742,98,212,6,3,0,4,3,16.37037037
Andrew Benintendi*\beninan01,138,615,541,72,144,40,5,13,68,10,3,59,140,0.266,0.343,0.431,0.774,100,233,6,7,3,5,1,11.07407407
Josh Bell#\belljo02,143,613,527,94,146,37,3,37,116,0,1,74,118,0.277,0.367,0.569,0.936,143,300,11,5,0,7,13,32.66049383
Anthony Rizzo*\rizzoan01,146,613,512,89,150,29,3,27,94,5,2,71,86,0.293,0.405,0.52,0.924,137,266,15,27,0,3,3,24.33333333
Yuli Gurriel\gourryu01,144,612,564,85,168,40,2,31,104,5,3,37,65,0.298,0.343,0.541,0.884,126,305,12,5,0,6,2,27.55555556
Kyle Schwarber*\schwaky01,155,610,529,82,132,29,3,38,92,2,3,70,156,0.25,0.339,0.531,0.871,120,281,6,5,0,6,5,36.35802469
Adam Frazier*\fraziad01,152,608,554,80,154,33,7,10,50,5,5,40,75,0.278,0.336,0.417,0.753,99,231,6,9,4,1,4,9.382716049
Joey Votto*\vottojo01,142,608,525,79,137,32,1,15,47,5,0,76,123,0.261,0.357,0.411,0.768,98,216,14,4,0,3,2,13.14814815
Christian Walker\walkech02,152,603,529,86,137,26,1,29,73,8,1,67,155,0.259,0.348,0.476,0.825,111,252,11,6,0,1,6,27.20987654
Mike Trout\troutmi01,134,600,470,110,137,27,2,45,104,11,2,110,120,0.291,0.438,0.645,1.083,185,303,5,16,0,4,14,37.22222222
Renato Nunez\nunezre01,151,599,541,72,132,24,0,31,90,1,1,44,143,0.244,0.311,0.46,0.771,101,249,9,10,0,4,1,28.89506173
Max Kepler*\keplema01,134,596,524,98,132,32,0,36,90,1,5,60,99,0.252,0.336,0.519,0.855,122,272,5,8,0,4,0,29.77777778
J.T. Realmuto\realmjt01,145,593,538,92,148,36,3,25,83,9,1,41,123,0.275,0.328,0.493,0.82,108,265,12,5,0,8,2,22.37654321
Austin Meadows*\meadoau01,138,591,530,83,154,29,7,33,89,12,7,54,131,0.291,0.364,0.558,0.922,143,296,3,7,0,0,6,28.11111111
Eddie Rosario*\rosared01,137,590,562,91,155,28,1,32,109,3,1,22,86,0.276,0.3,0.5,0.8,106,281,10,0,0,6,2,27.0617284
Max Muncy*\muncyma01,141,589,487,101,122,22,1,35,98,4,1,90,149,0.251,0.374,0.515,0.889,133,251,5,8,0,4,1,30.46296296
Jason Heyward*\heywaja01,147,589,513,78,129,20,4,21,62,8,3,68,110,0.251,0.343,0.429,0.772,98,220,12,5,0,3,5,19.05555556
Hunter Dozier\doziehu01,139,586,523,75,146,29,10,26,84,2,2,55,148,0.279,0.348,0.522,0.87,125,273,9,3,0,5,2,22.30864198
Starling Marte\martest01,132,586,539,97,159,31,6,23,82,25,6,25,94,0.295,0.342,0.503,0.845,120,271,15,16,2,4,1,18.74074074
Mike Moustakas*\moustmi01,143,584,523,80,133,30,1,35,87,3,0,53,98,0.254,0.329,0.516,0.845,114,270,12,6,0,2,5,30.89506173
Willy Adames\adamewi01,152,584,531,69,135,25,1,20,52,4,2,46,153,0.254,0.317,0.418,0.735,95,222,9,3,3,1,1,18.7654321
Rougned Odor*\odorro01,145,581,522,77,107,30,1,30,93,11,9,52,178,0.205,0.283,0.439,0.721,79,229,4,5,1,1,2,26.85185185
Christian Yelich*\yelicch01,130,580,489,100,161,29,3,44,97,30,2,80,118,0.329,0.429,0.671,1.1,179,328,8,8,0,3,16,35.30864198
Dexter Fowler#\fowlede01,150,574,487,69,116,24,1,19,67,8,5,74,142,0.238,0.346,0.409,0.754,98,199,6,8,1,4,1,17.59259259
Trea Turner\turnetr01,122,569,521,96,155,37,5,19,57,35,5,43,113,0.298,0.353,0.497,0.85,113,259,10,3,0,2,2,14.30864198
Jackie Bradley Jr.*\bradlja02,147,567,494,69,111,28,3,21,62,8,6,56,155,0.225,0.317,0.421,0.738,90,208,6,12,3,2,3,19.05555556
Mallex Smith*\smithma05,134,566,510,70,116,19,9,6,37,46,9,42,141,0.227,0.3,0.335,0.635,74,171,7,11,2,1,0,4.962962963
Javier Baez\baezja01,138,561,531,89,149,38,4,29,85,11,7,28,156,0.281,0.316,0.531,0.847,113,282,16,0,0,2,3,24.7037037
Brandon Crawford*\crawfbr01,147,560,500,58,114,24,2,11,59,3,2,53,117,0.228,0.304,0.35,0.654,75,175,10,3,0,4,5,9.981481481
Yoan Moncada#\moncayo01,132,559,511,83,161,34,5,25,79,10,3,40,154,0.315,0.367,0.548,0.915,141,280,1,4,1,3,2,20.37037037
Daniel Vogelbach*\vogelda01,144,558,462,73,96,17,0,30,76,0,0,92,149,0.208,0.341,0.439,0.78,112,203,4,2,0,2,2,26.66666667
Yolmer Sanchez#\sanchca01,149,555,496,59,125,20,4,2,43,5,4,44,117,0.252,0.318,0.321,0.638,73,159,7,5,7,3,1,1.839506173
Brett Gardner*\gardnbr01,141,550,491,86,123,26,7,28,74,10,2,52,108,0.251,0.325,0.503,0.829,117,247,6,4,0,3,0,24.37037037
Josh Reddick*\reddijo01,141,550,501,57,138,19,3,14,56,5,2,36,66,0.275,0.319,0.409,0.728,89,205,9,0,1,9,1,12.18518519
Justin Turner\turneju01,135,549,479,80,139,24,0,27,67,2,0,51,88,0.29,0.372,0.509,0.881,131,244,11,14,0,5,1,22.5
Marcell Ozuna\ozunama01,130,549,485,80,117,23,1,29,89,12,2,62,114,0.241,0.328,0.472,0.8,107,229,21,1,0,1,2,23.27160494
Kolten Wong*\wongko01,148,549,478,61,136,25,4,11,59,24,4,47,83,0.285,0.361,0.423,0.784,106,202,2,13,6,5,5,10.04938272
Miguel Cabrera\cabremi01,136,549,493,41,139,21,0,12,59,0,0,48,108,0.282,0.346,0.398,0.744,96,196,18,3,0,5,4,10.07407407
Jose Altuve\altuvjo01,124,548,500,89,149,27,3,31,74,6,5,41,82,0.298,0.353,0.55,0.903,131,275,19,3,1,3,0,23.72839506
Matt Olson*\olsonma02,127,547,483,73,129,26,0,36,91,0,0,51,138,0.267,0.351,0.545,0.896,137,263,11,12,0,1,7,28.22222222
Bryan Reynolds#\reynobr01,134,546,491,83,154,37,4,16,68,3,2,46,121,0.314,0.377,0.503,0.88,131,247,9,6,0,3,0,13.2345679
Orlando Arcia\arciaor01,152,546,494,51,110,16,1,15,59,8,5,43,109,0.223,0.283,0.35,0.633,64,173,15,1,2,6,5,14.07407407
Albert Pujols\pujolal01,131,545,491,55,120,22,0,23,93,3,0,43,68,0.244,0.305,0.43,0.734,94,211,21,3,0,8,1,18.59876543
Dansby Swanson\swansda01,127,545,483,77,121,26,3,17,65,10,5,51,124,0.251,0.325,0.422,0.748,89,204,7,5,1,5,2,13.32716049
Jose Ramirez\ramirjo01,129,542,482,68,123,33,3,23,83,24,4,52,74,0.255,0.327,0.479,0.806,106,231,8,2,0,6,3,18.31481481
Corey Seager*\seageco01,134,541,489,82,133,44,1,19,87,1,0,44,98,0.272,0.335,0.483,0.817,113,236,8,4,0,4,3,15.71604938
Ryan McMahon*\mcmahry01,141,539,480,70,120,22,1,24,83,5,1,56,160,0.25,0.329,0.45,0.779,87,216,14,1,1,1,1,20.88888889
Khris Davis\daviskh01,133,533,481,61,106,11,0,23,73,0,0,47,146,0.22,0.293,0.387,0.679,82,186,11,3,0,2,3,18.88271605
Kevin Newman\newmake01,130,531,493,61,152,20,6,12,64,16,8,28,62,0.308,0.353,0.446,0.8,111,220,5,7,2,1,2,9.62962963
Avisail Garcia\garciav01,125,530,489,61,138,25,2,20,72,10,4,31,125,0.282,0.332,0.464,0.796,111,227,15,7,0,3,2,15.43209877
José Iglesias\iglesjo01,146,530,504,62,145,21,3,11,59,6,6,20,70,0.288,0.318,0.407,0.724,85,205,17,3,1,2,3,9.913580247
Adam Jones\jonesad01,137,528,485,66,126,25,1,16,67,2,1,31,101,0.26,0.313,0.414,0.728,87,201,15,8,0,3,2,13.5308642
Miguel Rojas\rojasmi02,132,526,483,52,137,29,1,5,46,9,5,32,62,0.284,0.331,0.379,0.71,90,183,15,5,1,5,2,4.074074074
Wilson Ramos\ramoswi01,141,524,473,52,136,19,0,14,73,1,0,44,69,0.288,0.351,0.416,0.768,107,197,16,4,0,3,5,12.18518519
Nelson Cruz\cruzne02,120,521,454,81,141,26,0,41,108,0,1,56,131,0.311,0.392,0.639,1.031,166,290,14,7,0,3,8,30.37037037
Christian Vazquez\vazquch01,138,521,482,66,133,26,1,23,72,4,2,33,101,0.276,0.32,0.477,0.798,103,230,17,0,3,3,3,19.59259259
Brian Anderson\anderbr06,126,520,459,57,120,33,1,20,66,5,1,44,114,0.261,0.342,0.468,0.811,114,215,15,14,0,3,1,15.55555556
Tim Anderson\anderti01,123,518,498,81,167,32,0,18,56,17,5,15,109,0.335,0.357,0.508,0.865,129,253,12,3,0,2,0,13.66666667
Jurickson Profar#\profaju01,139,518,459,65,100,24,2,20,67,9,1,48,75,0.218,0.301,0.41,0.711,90,188,12,8,0,3,2,17.16049383
Joc Pederson*\pederjo01,149,514,450,83,112,16,3,36,74,1,1,50,111,0.249,0.339,0.538,0.876,127,242,4,12,0,2,2,33.11111111
Vladimir Guerrero Jr.\guerrvl02,123,514,464,52,126,26,2,15,69,0,1,46,91,0.272,0.339,0.433,0.772,106,201,17,2,0,2,0,11.38888889
Jason Kipnis*\kipnija01,121,511,458,52,112,23,1,17,65,7,2,40,88,0.245,0.304,0.41,0.715,84,188,7,2,5,6,2,12.69753086
Luke Voit\voitlu01,118,510,429,72,113,21,1,21,62,0,0,71,142,0.263,0.378,0.464,0.842,124,199,12,9,0,1,2,15.2962963
Ryan Braun\braunry02,144,508,459,70,131,31,2,22,75,11,1,34,105,0.285,0.343,0.505,0.849,116,232,15,8,0,3,1,19.55555556
Evan Longoria\longoev01,129,508,453,59,115,19,2,20,69,3,1,43,112,0.254,0.325,0.437,0.762,102,198,14,7,0,5,1,15.92592593
Domingo Santana\santado01,121,507,451,63,114,20,1,21,69,8,3,50,164,0.253,0.329,0.441,0.77,108,199,11,2,0,2,1,15.68518519
Eloy Jimenez\jimenel02,122,504,468,69,125,18,2,31,79,0,0,30,134,0.267,0.315,0.513,0.828,117,240,11,4,0,2,0,23.34567901
Colin Moran*\moranco01,149,503,466,46,129,30,1,13,80,0,1,30,117,0.277,0.322,0.429,0.751,97,200,13,3,0,4,4,11.95679012
Scott Kingery\kingesc01,126,500,458,64,118,34,4,19,55,15,4,34,147,0.258,0.315,0.474,0.788,100,217,3,5,1,2,1,14.77777778
Justin Smoak#\smoakju01,121,500,414,54,86,16,0,22,61,0,0,79,106,0.208,0.342,0.406,0.748,101,168,11,6,0,1,3,16.43209877
C.J. Cron\croncj01,125,499,458,51,116,24,0,25,78,0,0,29,107,0.253,0.311,0.469,0.78,103,215,13,10,0,2,3,19.29012346
Todd Frazier\frazito01,133,499,447,63,112,19,2,21,67,1,2,40,106,0.251,0.329,0.443,0.772,106,198,9,12,0,0,1,17.24074074
Matt Carpenter*\carpema01,129,492,416,59,94,20,2,15,46,6,1,63,129,0.226,0.334,0.392,0.726,91,163,3,7,1,5,0,11.94444444
Wil Myers\myerswi01,155,490,435,58,104,22,1,18,53,16,7,51,168,0.239,0.321,0.418,0.739,95,182,12,2,1,1,0,17.22222222
Ji-Man Choi*\choiji01,127,487,410,54,107,20,2,19,63,2,3,64,108,0.261,0.363,0.459,0.822,119,188,7,6,0,7,2,14.89506173
Ian Desmond\desmoia01,140,482,443,64,113,31,4,20,65,3,3,34,119,0.255,0.31,0.479,0.788,88,212,12,2,1,2,1,17.28395062
Omar Narvaez*\narvaom01,132,482,428,63,119,12,0,22,55,0,0,47,92,0.278,0.353,0.46,0.813,120,197,5,4,0,3,1,17.92592593
Oscar Mercado\mercaos01,115,482,438,70,118,25,3,15,54,15,4,28,84,0.269,0.318,0.443,0.761,96,194,9,5,7,4,0,10.64814815
Brian Dozier\doziebr01,135,482,416,54,99,20,0,20,50,3,4,61,105,0.238,0.34,0.43,0.771,95,179,11,4,0,1,2,16.66666667
Robbie Grossman#\grossro01,138,482,420,57,101,21,3,6,38,9,4,59,86,0.24,0.334,0.348,0.682,86,146,7,1,0,2,2,5.111111111
Ramon Laureano\laurera01,123,481,434,79,125,29,0,24,67,13,2,27,123,0.288,0.34,0.521,0.86,128,226,7,11,1,8,0,18.22222222
Kevin Kiermaier*\kiermke01,129,480,447,60,102,20,7,14,55,19,5,26,104,0.228,0.278,0.398,0.676,79,178,8,5,1,1,2,11.14814815
Daniel Murphy*\murphda08,132,478,438,56,122,35,1,13,78,1,1,32,74,0.279,0.328,0.452,0.78,87,198,10,2,0,4,1,10.59259259
Gio Urshela\urshegi01,132,476,442,73,139,34,0,21,74,1,1,25,87,0.314,0.355,0.534,0.889,133,236,13,5,0,4,1,17.11111111
James McCann\mccanja02,118,476,439,62,120,26,1,18,60,4,1,30,137,0.273,0.328,0.46,0.789,109,202,10,6,1,0,1,13.11111111
Freddy Galvis#\galvifr01,115,473,450,55,120,24,1,18,54,4,1,21,112,0.267,0.299,0.444,0.743,96,200,11,0,1,1,1,12.77777778
Nomar Mazara*\mazarno01,116,469,429,69,115,27,1,19,66,4,1,28,108,0.268,0.318,0.469,0.786,96,201,5,6,0,6,2,13.60493827
Nick Markakis*\markani01,116,469,414,61,118,25,2,9,62,2,0,47,59,0.285,0.356,0.42,0.776,98,174,11,2,0,6,1,6.444444444
Jorge Alfaro\alfarjo01,130,465,431,44,113,14,1,18,57,4,4,22,154,0.262,0.312,0.425,0.736,95,183,12,10,0,2,1,14.44444444
Jonathan Schoop\schoojo01,121,464,433,61,111,23,1,23,59,1,1,20,116,0.256,0.304,0.473,0.777,102,205,13,10,0,1,1,17.17901235
Teoscar Hernandez\hernate01,125,464,417,58,96,19,2,26,65,6,3,45,153,0.23,0.306,0.472,0.778,105,197,8,1,0,1,1,20.0617284
Enrique Hernandez\hernaen02,130,460,414,57,98,19,1,17,64,4,0,36,97,0.237,0.304,0.411,0.715,87,170,9,6,0,4,3,13.64197531
Eric Thames*\thameer01,149,459,396,67,98,23,2,25,61,3,2,51,140,0.247,0.346,0.505,0.851,117,200,0,10,0,2,4,22.99382716
Brian Goodwin*\goodwbr01,136,458,413,65,108,29,3,17,47,7,3,38,129,0.262,0.326,0.47,0.796,109,194,3,3,1,3,2,14.27160494
J.D. Davis\davisjd01,140,453,410,65,126,22,1,22,57,3,0,38,97,0.307,0.369,0.527,0.895,138,216,14,3,0,2,2,19.01234568
Yadier Molina\molinya01,113,452,419,45,113,24,0,10,57,6,0,23,58,0.27,0.312,0.399,0.711,85,167,14,5,0,5,0,6.975308642
Roberto Perez\perezro02,119,449,389,46,93,9,1,24,63,0,0,45,127,0.239,0.321,0.452,0.774,99,176,12,4,7,4,1,17.62962963
Aaron Judge\judgeaa01,102,447,378,75,103,18,1,27,55,3,2,64,141,0.272,0.381,0.54,0.921,143,204,11,3,0,1,4,17
Raimel Tapia*\tapiara01,138,447,426,54,117,23,5,9,44,9,3,21,100,0.275,0.309,0.415,0.724,74,177,2,0,0,0,0,7.666666667
Gary Sanchez\sanchga02,106,446,396,62,92,12,1,34,77,0,1,40,125,0.232,0.316,0.525,0.841,119,208,3,9,0,1,3,22.24691358
Harold Ramirez\ramirha02,119,446,421,54,116,20,3,11,50,2,1,18,91,0.276,0.312,0.416,0.728,93,175,8,5,0,1,1,8.080246914
Buster Posey\poseybu01,114,445,405,43,104,24,0,7,38,0,0,34,71,0.257,0.32,0.368,0.688,84,149,18,4,1,1,1,4.925925926
Kyle Seager*\seageky01,106,443,393,55,94,19,1,23,63,2,2,44,86,0.239,0.321,0.468,0.789,112,184,12,4,0,2,0,15.04938272
Adalberto Mondesi#\mondera02,102,443,415,58,109,20,10,9,62,43,7,19,132,0.263,0.291,0.424,0.715,86,176,6,0,3,6,0,5.666666667
Manuel Margot\margoma01,151,441,398,59,93,19,3,12,37,20,4,38,88,0.234,0.304,0.387,0.691,83,154,6,2,3,0,1,11.18518519
Miguel Sano\sanomi01,105,439,380,76,94,19,2,34,79,0,1,55,159,0.247,0.346,0.576,0.923,138,219,5,3,0,1,0,22.03703704
Nicholas Castellanos\casteni01,100,439,403,57,110,37,3,11,37,2,1,31,96,0.273,0.328,0.462,0.79,105,186,7,3,0,2,1,6.790123457
Robinson Chirinos\chiriro01,114,437,366,57,87,22,1,17,58,1,2,51,125,0.238,0.347,0.443,0.79,105,162,11,13,2,5,1,11.96296296
Cavan Biggio*\biggica01,100,430,354,66,83,17,2,16,48,14,0,71,123,0.234,0.364,0.429,0.793,113,152,0,2,0,2,0,9.87654321
Maikel Franco\francma02,123,428,389,48,91,17,0,17,56,0,0,36,61,0.234,0.297,0.409,0.705,80,159,14,0,0,3,19,12.90740741
Shohei Ohtani*\ohtansh01,106,425,384,51,110,20,5,18,62,12,3,33,110,0.286,0.343,0.505,0.848,123,194,6,2,0,4,1,11.77777778
Andrelton Simmons\simmoan01,103,424,398,47,105,19,0,7,40,10,2,24,37,0.264,0.309,0.364,0.673,80,145,21,2,0,0,1,4.450617284
David Peralta*\peralda01,99,423,382,48,105,29,3,12,57,0,0,35,87,0.275,0.343,0.461,0.804,106,176,9,5,0,1,3,7.333333333
Robinson Cano*\canoro01,107,423,390,46,100,28,0,13,39,0,0,25,69,0.256,0.307,0.428,0.736,96,167,16,5,0,3,3,8.586419753
Jake Bauers*\bauerja01,117,423,372,46,84,16,1,12,43,3,3,45,115,0.226,0.312,0.371,0.683,78,138,3,3,0,3,0,8.666666667
Garrett Cooper\coopega03,107,421,381,52,107,16,1,15,50,0,0,33,110,0.281,0.344,0.446,0.791,110,170,10,5,0,2,0,9.907407407
Dee Gordon*\gordode01,117,421,393,36,108,12,6,3,34,22,5,18,61,0.275,0.304,0.359,0.663,81,141,8,1,3,6,1,2.166666667
Brandon Dixon\dixonbr01,117,420,391,41,97,20,4,15,52,5,1,21,136,0.248,0.29,0.435,0.725,87,170,5,4,0,4,0,10.83333333
Christin Stewart*\stewach02,104,416,369,32,86,25,1,10,40,0,1,34,103,0.233,0.305,0.388,0.693,81,143,4,7,0,6,3,6.419753086
Nick Senzel\senzeni01,104,414,375,55,96,20,4,12,42,14,5,30,101,0.256,0.315,0.427,0.742,89,160,6,3,0,1,0,7.703703704
Rio Ruiz*\ruizri01,127,413,370,35,86,13,2,12,46,0,1,40,88,0.232,0.306,0.376,0.682,81,139,12,0,1,2,0,9.407407407
Mike Yastrzemski*\yastrmi01,107,411,371,64,101,22,3,21,55,2,4,32,107,0.272,0.334,0.518,0.852,123,192,4,4,1,3,1,13.87037037
Tony Wolters*\wolteto01,121,411,359,42,94,17,2,1,42,0,1,36,68,0.262,0.337,0.329,0.666,64,118,9,8,2,6,5,0.74691358
Willson Contreras\contrwi01,105,409,360,57,98,18,2,24,64,1,2,38,102,0.272,0.355,0.533,0.888,125,192,4,9,0,2,2,15.55555556
Rowdy Tellez*\tellero01,111,409,370,49,84,19,0,21,54,1,1,29,116,0.227,0.293,0.449,0.742,95,166,9,7,0,3,3,14.38888889
Delino DeShields\deshide02,118,408,357,42,89,15,4,4,32,24,6,38,100,0.249,0.325,0.347,0.672,72,124,8,3,8,2,0,2.913580247
Harrison Bader\baderha01,128,406,347,54,71,14,3,12,39,11,3,46,117,0.205,0.314,0.366,0.68,78,127,3,10,1,2,4,9.481481481
Luis Rengifo#\rengilu01,108,406,357,44,85,18,3,7,33,2,5,40,93,0.238,0.321,0.364,0.685,84,130,6,5,1,3,0,4.666666667
Yasiel Puig\puigya01,100,404,373,51,94,15,1,22,61,14,5,23,89,0.252,0.302,0.475,0.777,95,177,9,5,0,3,1,13.58024691
Jose Peraza\perazjo01,141,403,376,37,90,18,2,6,33,7,6,17,58,0.239,0.285,0.346,0.631,62,130,9,8,0,2,0,5.222222222
Melky Cabrera#\cabreme01,133,397,378,43,106,22,1,7,47,2,0,17,41,0.28,0.313,0.399,0.713,88,151,14,1,1,0,3,5.74691358
J.P. Crawford*\crawfjp01,93,396,345,43,78,21,4,7,46,5,3,43,83,0.226,0.313,0.371,0.684,87,128,4,2,3,3,0,4.018518519
Stephen Piscotty\piscost01,93,393,357,46,89,17,1,13,44,2,0,29,84,0.249,0.309,0.412,0.72,93,147,13,3,1,3,0,7.462962963
Dwight Smith Jr.*\smithdw02,101,392,357,46,86,16,3,13,53,5,1,26,82,0.241,0.297,0.412,0.708,86,147,8,4,1,4,0,8.104938272
Joe Panik*\panikjo01,103,388,344,33,81,17,1,3,27,4,2,36,38,0.235,0.31,0.317,0.627,69,109,5,3,1,4,2,1.907407407
Jesse Winker*\winkeje01,113,384,338,51,91,17,2,16,38,0,2,38,60,0.269,0.357,0.473,0.83,111,160,10,8,0,0,2,11.16049383
Danny Jansen\janseda01,107,384,347,41,72,12,1,13,43,0,1,31,79,0.207,0.279,0.36,0.64,70,125,8,4,1,1,1,8.586419753
Fernando Tatis Jr.\tatisfe02,84,372,334,61,106,13,6,22,53,16,6,30,110,0.317,0.379,0.59,0.969,152,197,4,5,0,3,1,11.40740741
Ryan O'Hearn*\ohearry01,105,370,328,32,64,13,1,14,38,0,1,39,99,0.195,0.281,0.369,0.65,70,121,7,1,0,2,1,9.074074074
Yordan Álvarez*\alvaryo01,87,369,313,58,98,26,0,27,78,0,0,52,94,0.313,0.412,0.655,1.067,173,205,9,2,0,2,4,14.5
Asdrubal Cabrera#\cabreas01,93,368,323,45,76,15,0,12,51,4,0,38,85,0.235,0.318,0.393,0.711,80,127,6,3,0,4,1,6.888888889
Carson Kelly\kellyca02,111,365,314,46,77,19,0,18,47,0,0,48,79,0.245,0.348,0.478,0.826,112,150,11,2,0,1,10,12.33333333
Tucker Barnhart#\barnhtu01,114,364,316,32,73,14,0,11,40,1,0,44,83,0.231,0.328,0.38,0.708,82,120,5,2,1,1,7,7.740740741
Albert Almora\almoral01,130,363,339,41,80,11,1,12,32,2,1,16,62,0.236,0.271,0.381,0.651,66,129,8,1,5,2,4,9.62962963
Curtis Granderson*\grandcu01,138,363,317,44,58,17,1,12,34,0,3,41,98,0.183,0.281,0.356,0.637,69,113,3,3,0,2,1,10.22222222
Stevie Wilkerson#\wilkest01,117,361,329,41,74,18,2,10,35,3,3,22,108,0.225,0.286,0.383,0.669,76,126,5,7,1,2,0,7.222222222
Mitch Garver\garvemi01,93,359,311,70,85,16,1,31,67,0,0,41,87,0.273,0.365,0.63,0.995,156,196,5,5,0,2,0,17.7962963
Yan Gomes\gomesya01,97,358,314,36,70,16,0,12,43,2,0,38,84,0.223,0.316,0.389,0.704,78,122,7,5,0,1,6,7.185185185
Franmil Reyes\reyesfr01,99,354,321,43,82,9,0,27,46,0,0,29,93,0.255,0.314,0.536,0.849,120,172,12,0,0,4,1,16.5
Chris Davis*\davisch02,105,352,307,26,55,9,0,12,36,0,0,39,139,0.179,0.276,0.326,0.601,60,100,6,3,0,3,1,7.777777778
Keston Hiura\hiurake01,84,348,314,51,95,23,2,19,49,9,3,25,107,0.303,0.368,0.57,0.938,138,179,6,8,0,1,1,9.851851852
Austin Hedges\hedgeau01,102,347,312,28,55,9,0,11,36,1,0,27,109,0.176,0.252,0.311,0.563,49,97,3,5,2,1,3,6.925925926
Yandy Díaz\diazya01,79,346,307,53,82,20,1,14,38,2,2,35,61,0.267,0.34,0.476,0.816,116,146,9,1,0,4,1,6.827160494
Didi Gregorius*\gregodi01,82,344,324,47,77,14,2,16,61,2,1,17,53,0.238,0.276,0.441,0.718,87,143,5,1,0,2,1,8.098765432
Lourdes Gurriel Jr.\gurrilo01,84,343,314,52,87,19,2,20,50,6,4,20,86,0.277,0.327,0.541,0.869,127,170,4,5,1,3,0,10.37037037
A.J. Pollock\polloaj01,86,342,308,49,82,15,1,15,47,5,1,23,74,0.266,0.327,0.468,0.795,108,144,7,7,0,4,1,7.962962963
Josh Phegley\phegljo01,106,342,314,44,75,18,0,12,62,0,1,15,63,0.239,0.282,0.411,0.693,85,129,11,6,2,5,0,7.851851852
Pedro Severino\severpe01,96,341,305,37,76,13,0,13,44,3,1,29,73,0.249,0.321,0.42,0.74,95,128,5,4,1,2,0,7.703703704
Willie Calhoun*\calhowi01,83,337,309,51,83,14,1,21,48,0,0,23,53,0.269,0.323,0.524,0.848,110,162,5,3,0,2,0,10.75925926
Mitch Moreland*\morelmi01,91,335,298,48,75,17,1,19,58,1,0,34,74,0.252,0.328,0.507,0.835,112,151,12,1,0,2,0,10.67283951
Matt Adams*\adamsma01,111,333,310,42,70,14,0,20,56,0,0,20,115,0.226,0.276,0.465,0.741,83,144,7,2,0,1,1,13.7037037
JaCoby Jones\jonesja07,88,333,298,39,70,19,3,11,26,7,2,27,94,0.235,0.31,0.43,0.74,92,128,6,6,1,1,2,5.975308642
Elias Diaz\diazel01,101,332,303,31,73,14,0,2,28,0,0,23,56,0.241,0.296,0.307,0.603,61,93,11,2,1,3,0,1.24691358
Brandon Lowe*\lowebr01,82,327,296,42,80,17,2,17,51,5,0,25,113,0.27,0.336,0.514,0.85,124,152,1,5,0,1,0,8.604938272
Carlos Correa\correca01,75,321,280,42,78,16,1,21,59,1,0,35,75,0.279,0.358,0.568,0.926,137,159,8,2,0,4,0,9.722222222
Jake Marisnick\marisja01,120,318,292,46,68,16,3,10,34,10,3,17,95,0.233,0.289,0.411,0.7,80,120,6,6,3,0,0,7.407407407
Tyler Flowers\flowety01,85,310,271,36,62,11,3,11,34,0,0,31,105,0.229,0.319,0.413,0.733,86,112,8,6,0,2,3,5.771604938
Richie Martin\martiri01,120,309,283,29,59,8,3,6,23,10,1,14,83,0.208,0.26,0.322,0.581,54,91,6,6,5,1,0,4.444444444
Billy Hamilton#\hamilbi02,93,305,275,32,58,12,2,0,12,18,5,25,74,0.211,0.275,0.269,0.544,46,74,1,0,3,2,0,0
Austin Riley\rileyau01,80,297,274,41,62,11,1,18,49,0,2,16,108,0.226,0.279,0.471,0.75,86,129,4,5,0,2,3,8.888888889
Mike Tauchman*\tauchmi01,87,296,260,46,72,18,1,13,47,6,0,34,71,0.277,0.361,0.504,0.865,128,131,9,1,0,1,0,6.981481481
Byron Buxton\buxtoby01,87,295,271,48,71,30,4,10,46,14,3,19,68,0.262,0.314,0.513,0.827,114,139,3,2,2,1,1,5.37037037
Ronald Guzman*\guzmaro01,87,295,256,34,56,20,0,10,36,1,2,32,87,0.219,0.308,0.414,0.723,81,106,7,3,0,4,1,5.37037037
Brock Holt*\holtbr01,87,295,259,38,77,14,2,3,31,1,0,28,57,0.297,0.369,0.402,0.771,101,104,4,4,0,4,1,1.611111111
Tyler Naquin*\naquity01,89,294,274,34,79,19,0,10,34,4,2,14,66,0.288,0.325,0.467,0.792,103,128,8,2,2,2,2,5.49382716
Mike Zunino\zuninmi01,90,289,266,30,44,10,1,9,32,0,0,20,98,0.165,0.232,0.312,0.544,44,83,4,3,0,0,0,5
Dawel Lugo\lugoda01,77,288,273,28,67,11,4,6,26,0,0,8,59,0.245,0.271,0.381,0.652,69,104,8,3,0,4,1,2.851851852
Wilmer Flores\florewi01,89,285,265,31,84,18,0,9,37,0,0,15,31,0.317,0.361,0.487,0.848,118,129,9,4,0,1,0,4.944444444
Juan Lagares\lagarju01,133,285,258,38,55,12,1,5,27,4,1,22,75,0.213,0.279,0.326,0.605,63,84,8,2,2,1,4,4.104938272
Mitch Haniger\hanigmi01,63,283,246,46,54,13,1,15,32,4,0,30,81,0.22,0.314,0.463,0.778,109,114,3,5,0,2,1,5.833333333
Ian Kinsler\kinslia01,87,281,258,28,56,12,0,9,22,2,4,19,54,0.217,0.278,0.368,0.646,70,95,5,3,0,1,0,4.833333333
Jordy Mercer\mercejo03,74,271,256,24,69,16,0,9,22,0,0,13,57,0.27,0.31,0.438,0.747,94,112,4,2,0,0,1,4.111111111
Jonathan Lucroy\lucrojo01,74,268,240,28,58,8,1,7,30,0,0,21,39,0.242,0.31,0.371,0.681,82,89,15,4,0,3,0,3.197530864
Austin Nola\nolaau01,79,267,238,37,64,12,1,10,31,1,0,23,63,0.269,0.342,0.454,0.796,115,108,8,4,1,1,1,4.87654321
Martin Maldonado\maldoma01,74,263,238,26,54,15,0,6,17,0,0,17,55,0.227,0.291,0.366,0.657,72,87,9,5,2,1,0,2.740740741
Andrew McCutchen\mccutan01,59,262,219,45,56,12,1,10,29,2,1,43,55,0.256,0.378,0.457,0.834,115,100,1,0,0,0,0,3.641975309
Yonder Alonso*\alonsyo01,67,251,219,23,39,6,0,7,27,0,1,29,53,0.178,0.275,0.301,0.576,56,66,8,1,0,2,2,2.895061728
Adam Engel\engelad01,89,248,227,26,55,10,2,6,26,3,3,14,78,0.242,0.304,0.383,0.687,83,87,5,6,1,0,0,3.296296296
Lewis Brinson\brinsle01,75,248,226,15,39,9,1,0,15,1,1,13,74,0.173,0.236,0.221,0.457,24,50,8,6,2,1,1,0
Ryan Cordell\cordery01,97,247,217,22,48,8,0,7,24,3,1,19,69,0.221,0.29,0.355,0.645,73,77,2,3,6,2,0,4.191358025
Jeff Mathis\mathije01,86,244,228,17,36,9,0,2,12,1,0,15,87,0.158,0.209,0.224,0.433,11,51,2,0,0,1,1,1.061728395
Austin Barnes\barneau01,75,242,212,28,43,12,1,5,25,3,0,23,56,0.203,0.293,0.34,0.633,68,72,8,5,0,2,3,2.314814815
Addison Russell\russead02,82,241,215,25,51,4,1,9,23,2,0,20,58,0.237,0.308,0.391,0.699,79,84,7,3,1,2,2,4.555555556
Gordon Beckham\beckhgo01,83,240,223,29,48,13,2,6,15,3,1,13,68,0.215,0.271,0.372,0.643,67,83,6,4,0,0,0,3.074074074
Grayson Greiner\greingr01,58,224,208,18,42,5,1,5,19,0,0,13,70,0.202,0.251,0.308,0.559,46,64,5,1,1,1,0,1.790123457
Edwin Encarnacion\encared01,44,197,177,33,44,11,0,13,37,0,0,17,48,0.249,0.325,0.531,0.856,123,94,1,3,0,0,1,3.530864198
Bubba Starling\starlbu01,56,197,186,26,40,7,0,4,12,2,0,9,56,0.215,0.255,0.317,0.572,50,59,4,1,1,0,0,1.382716049
Franmil Reyes\reyesfr01,51,194,173,26,41,10,0,10,35,0,0,18,63,0.237,0.304,0.468,0.772,97,81,3,0,0,3,0,3.148148148
Austin Slater\slateau01,68,192,168,20,40,9,3,5,21,1,0,22,59,0.238,0.333,0.417,0.75,99,70,1,2,0,0,1,2.098765432
